MethodID,package,class,method,LOC,CYCLO,ATFD,LAA,is_long_method,iPlasma,PMD,is_feature_envy
1,fat,DocumentParseFixture,Output(),3,1,0,1,FALSE,FALSE,FALSE,FALSE
2,fat,DocumentParseFixture,Structure(),3,1,0,1,FALSE,FALSE,FALSE,FALSE
3,fat,DocumentParseFixture,GenerateOutput(Parse),5,1,0,0,FALSE,FALSE,TRUE,FALSE
4,fat,DocumentParseFixture,dumpTables(Parse),11,2,2,0,FALSE,FALSE,FALSE,FALSE
5,fat,DocumentParseFixture,dumpRows(Parse),11,2,2,0,FALSE,FALSE,FALSE,FALSE
6,fat,DocumentParseFixture,dumpCells(Parse),11,2,2,0,FALSE,FALSE,FALSE,FALSE
7,fat,ReferenceFixture,Result(),29,5,5,0.285714,FALSE,FALSE,TRUE,TRUE
8,com.jasml.compiler,GrammerException,GrammerException(int;String),3,1,0,0,FALSE,FALSE,FALSE,FALSE
9,com.jasml.compiler,GrammerException,GrammerException(int;int;int;String),3,1,0,0,FALSE,FALSE,FALSE,FALSE
10,com.jasml.compiler,GrammerException,GrammerException(String;Exception),3,1,0,0,FALSE,FALSE,FALSE,FALSE
11,com.jasml.compiler,GrammerException,GrammerException(int;int;String),3,1,0,0,FALSE,FALSE,FALSE,FALSE
12,com.jasml.compiler,SourceCodeParser,parseMethod(),33,6,10,0.294118,FALSE,FALSE,FALSE,TRUE
13,com.jasml.compiler,SourceCodeParser,parseMethodAttributes(Method;ArrayList;SourceCodeParser.LabeledInstructions;Attribute_Code;ArrayList),48,10,9,0.166667,FALSE,FALSE,FALSE,TRUE
14,com.jasml.compiler,SourceCodeParser,parseMethodInstructions(Method),523,139,56,0.3,TRUE,TRUE,TRUE,TRUE
15,com.jasml.decompiler,SourceCodeBuilder,toString(Attribute_Code;HashSet),257,75,83,0.023529,TRUE,TRUE,TRUE,TRUE
16,org.jfin.date.holiday.defaultimpl,WeekendHolidayCalendar,isWeekend(Calendar),5,1,0,0,FALSE,FALSE,FALSE,FALSE
17,org.jfin.date.holiday.defaultimpl,WeekendHolidayCalendar,isHoliday(Calendar),4,1,0,0,FALSE,FALSE,FALSE,FALSE
18,org.jfin.date.holiday.defaultimpl,HolidayCalendarFactoryImpl,getHolidayCalendar(String),5,1,0,0,FALSE,FALSE,FALSE,FALSE
19,org.jfin.date.holiday.defaultimpl,HolidayCalendarFactoryImpl,getHolidayCalendar(String;Class),12,2,0,0,FALSE,FALSE,TRUE,FALSE
20,org.jfin.date.holiday.defaultimpl,HolidayCalendarFactoryImpl,getAvailableLocales(),3,1,0,0,FALSE,FALSE,FALSE,FALSE
21,org.jfin.date.web.example,PlainSwap,getCurrency(),4,1,0,1,FALSE,FALSE,FALSE,FALSE
22,org.jfin.date,ScheduleGenerator,generateSchedule(Calendar;Calendar;int;int;StubType;Period;int),176,23,9,0.1,TRUE,TRUE,TRUE,TRUE
23,org.cyberneko.html.parsers,DOMParser,DOMParser(),18,3,0,0,FALSE,FALSE,FALSE,FALSE
24,org.cyberneko.html.parsers,DOMParser,doctypeDecl(String;String;String;Augmentations),27,4,1,0,FALSE,FALSE,FALSE,FALSE
25,org.cyberneko.html.parsers,DOMParser,getParserSubVersion(),12,3,1,0,FALSE,FALSE,FALSE,FALSE
26,org.cyberneko.html.parsers,DOMFragmentParser,DOMFragmentParser(),7,1,0,1,FALSE,FALSE,FALSE,FALSE
27,org.cyberneko.html.parsers,DOMFragmentParser,parse(String;DocumentFragment),4,1,0,0,FALSE,FALSE,FALSE,FALSE
28,org.cyberneko.html.parsers,DOMFragmentParser,parse(InputSource;DocumentFragment),30,3,0,1,FALSE,FALSE,TRUE,FALSE
29,org.cyberneko.html,HTMLTagBalancer,startElement(QName;XMLAttributes;Augmentations),206,60,15,0.428571,TRUE,TRUE,TRUE,FALSE
30,org.cyberneko.html,ObjectFactory,createObject(String;String;String),111,21,0,1,TRUE,TRUE,TRUE,FALSE
31,org.cyberneko.html,HTMLConfiguration,setInputSource(XMLInputSource),7,2,19,0.095238,FALSE,FALSE,FALSE,TRUE
32,gnu.trove.benchmark,MemoryUsage,sizeOf(MemoryUsage.Creator),18,3,0,0,FALSE,FALSE,FALSE,FALSE
33,gnu.trove.benchmark,MemoryUsage,getUsedMemory(),8,1,0,0,FALSE,FALSE,FALSE,FALSE
34,gnu.trove.benchmark,MemoryUsage,gc(),14,2,0,0,FALSE,FALSE,FALSE,FALSE
35,gnu.trove.benchmark,MemoryUsage,main(String[]),31,2,0,0,FALSE,FALSE,FALSE,FALSE
36,gnu.trove.benchmark,MemoryUsage.MemoryComparator,MemoryComparator(MemoryUsage.Creator;MemoryUsage.Creator;String),7,1,0,1,FALSE,FALSE,FALSE,FALSE
37,gnu.trove,TLinkedList.IteratorImpl,IteratorImpl(int),22,8,5,0,FALSE,FALSE,FALSE,TRUE
38,com.opensymphony.oscache.plugins.clustersupport,JMSBroadcastingListener,initialize(Cache;Config),79,3,0,1,FALSE,FALSE,TRUE,FALSE
39,com.opensymphony.oscache.plugins.clustersupport,JMSBroadcastingListener,finialize(),15,4,0,1,FALSE,FALSE,FALSE,FALSE
40,com.opensymphony.oscache.plugins.clustersupport,JMSBroadcastingListener,sendNotification(ClusterNotification),12,2,0,1,FALSE,FALSE,FALSE,FALSE
41,com.opensymphony.oscache.plugins.clustersupport,JMSBroadcastingListener,getInitialContext(),3,1,0,0,FALSE,FALSE,FALSE,FALSE
42,com.opensymphony.oscache.plugins.clustersupport,com.opensymphony.oscache.plugins.clustersupport.JMSBroadcastingListener$1,onMessage(Message),32,6,2,0,FALSE,FALSE,FALSE,FALSE
43,com.opensymphony.oscache.base.algorithm,AbstractConcurrentReadCache,put(Object;Object;boolean),134,22,0,0.636364,TRUE,TRUE,TRUE,FALSE
44,com.opensymphony.oscache.base.algorithm,AbstractConcurrentReadCache,remove(Object;boolean;boolean),122,24,3,0.5,TRUE,TRUE,TRUE,FALSE
45,org.quilt.reg,Registry,Registry(),4,1,0,1,FALSE,FALSE,FALSE,FALSE
46,org.quilt.reg,Registry,clear(),3,1,0,1,FALSE,FALSE,FALSE,FALSE
47,org.quilt.reg,Registry,comparator(),3,1,0,0,FALSE,FALSE,FALSE,FALSE
48,org.quilt.reg,Registry,containsKey(String[]),6,2,0,1,FALSE,FALSE,FALSE,FALSE
49,org.quilt.reg,Registry,get(String[]),10,3,0,1,FALSE,FALSE,FALSE,FALSE
50,org.quilt.cl,GraphTransformer,makeGraph(ClassGen;MethodGen),181,29,10,0.166667,TRUE,TRUE,TRUE,TRUE
51,org.quilt.cover.stmt,GraphAction.LampLighter,discoverEdge(Edge),110,20,14,0.066667,TRUE,TRUE,TRUE,TRUE
52,net.sourceforge.squirrel_sql.plugins.graph.xmlbeans,GraphXmlSerializer,GraphXmlSerializer(GraphPlugin;ISession;GraphMainPanelTab;String),22,3,1,0.75,FALSE,FALSE,FALSE,FALSE
53,net.sourceforge.squirrel_sql.plugins.graph.xmlbeans,GraphXmlSerializer,write(GraphControllerXmlBean),18,2,1,0.75,FALSE,FALSE,FALSE,FALSE
54,net.sourceforge.squirrel_sql.plugins.graph.xmlbeans,GraphXmlSerializer,read(),13,2,0,1,FALSE,FALSE,TRUE,FALSE
55,net.sourceforge.squirrel_sql.plugins.graph.xmlbeans,GraphXmlSerializer,getFileName(String;String;String),13,2,0,1,FALSE,FALSE,FALSE,FALSE
56,net.sourceforge.squirrel_sql.plugins.graph,ConstraintData,replaceCopiedColsByReferences(ColumnInfo[];boolean),23,5,6,0.142857,FALSE,FALSE,FALSE,TRUE
57,jparse.expr,BooleanLiteralAST,BooleanLiteralAST(Token),5,1,1,0.666667,FALSE,FALSE,FALSE,FALSE
58,jparse.expr,BooleanLiteralAST,computeType(),3,1,0,1,FALSE,FALSE,FALSE,FALSE
59,jparse.expr,BooleanLiteralAST,computeExceptions(),3,1,0,1,FALSE,FALSE,TRUE,FALSE
60,jparse.expr,BooleanLiteralAST,computeValue(),3,1,0,1,FALSE,FALSE,FALSE,FALSE
61,jparse.expr,BooleanLiteralAST,getVarList(),3,1,0,0,FALSE,FALSE,FALSE,FALSE
62,jparse,JavaParser,compilationUnit(),119,32,4,0.833333,TRUE,TRUE,TRUE,FALSE
63,jparse,JavaParser,field(),267,37,4,0.8,TRUE,TRUE,TRUE,FALSE
64,net.sf.jmoney.io,MT940,MT940(MainFrame;AccountChooser),6,1,0,1,FALSE,FALSE,FALSE,FALSE
65,net.sf.jmoney.io,MT940,importFile(Session;File),16,3,0,1,FALSE,FALSE,FALSE,FALSE
66,net.sf.jmoney.gui,AccountEntriesPanel.EntryCellRenderer,getListCellRendererComponent(JList;Object;int;boolean;boolean),17,2,15,0,FALSE,FALSE,FALSE,TRUE
67,org.javacc.utils,JavaFileGenerator,JavaFileGenerator(String;Map),4,1,0,1,FALSE,FALSE,FALSE,FALSE
68,org.javacc.utils,JavaFileGenerator,generate(PrintWriter),8,2,0,1,FALSE,FALSE,TRUE,FALSE
69,org.javacc.utils,JavaFileGenerator,peekLine(BufferedReader),7,2,0,1,FALSE,FALSE,FALSE,FALSE
70,org.javacc.utils,JavaFileGenerator,getLine(BufferedReader),10,2,0,1,FALSE,FALSE,FALSE,FALSE
71,org.javacc.utils,JavaFileGenerator,evaluate(String),23,4,0,1,FALSE,FALSE,FALSE,FALSE
72,org.javacc.jjdoc,JJDoc,emitTokenProductions(Generator;List),50,11,10,0,FALSE,FALSE,FALSE,TRUE
73,net.sourceforge.jsxe.gui,OptionsDialog,OptionsDialog(Frame;String;String;String),5,1,0,0,FALSE,FALSE,FALSE,FALSE
74,net.sourceforge.jsxe.gui,OptionsDialog,OptionsDialog(Dialog;String;String;String),5,1,0,0,FALSE,FALSE,TRUE,FALSE
75,net.sourceforge.jsxe.gui,OptionsDialog,addOptionGroup(OptionGroup),4,1,0,0,FALSE,FALSE,FALSE,FALSE
76,net.sourceforge.jsxe.gui,OptionsDialog,addOptionPane(OptionPane),4,1,0,0,FALSE,FALSE,FALSE,FALSE
77,net.sourceforge.jsxe.gui,OptionsDialog,ok(),5,1,1,1,FALSE,FALSE,FALSE,FALSE
78,net.sourceforge.jsxe.dom,DOMSerializer,rSerializeNode(Writer;Node;String;String;int;int;int),402,72,9,0.25,TRUE,TRUE,TRUE,TRUE
79,org.junit.internal.builders,JUnit3Builder,runnerForClass(Class),6,2,0,0,FALSE,FALSE,FALSE,FALSE
80,org.junit.internal.builders,IgnoredBuilder,runnerForClass(Class),6,2,0,0,FALSE,FALSE,FALSE,FALSE
81,org.displaytag.decorator,CheckboxTableDecorator,setId(String),4,1,0,1,FALSE,FALSE,TRUE,FALSE
82,org.displaytag.decorator,CheckboxTableDecorator,setFieldName(String),4,1,0,1,FALSE,FALSE,FALSE,FALSE
83,org.displaytag.decorator,CheckboxTableDecorator,init(PageContext;Object;TableModel),6,1,0,1,FALSE,FALSE,FALSE,FALSE
84,org.displaytag.decorator,CheckboxTableDecorator,finish(),29,4,0,1,FALSE,FALSE,FALSE,FALSE
85,org.displaytag.util,HtmlTagUtil,abbreviateHtmlString(String;int;boolean),160,31,0,0,TRUE,TRUE,TRUE,FALSE
86,com.adventnet.jmx,ObjectInputStreamSupport,ObjectInputStreamSupport(InputStream;ClassLoader),6,1,0,1,FALSE,FALSE,FALSE,FALSE
87,com.adventnet.jmx,ObjectInputStreamSupport,resolveClass(ObjectStreamClass),8,2,0,1,FALSE,FALSE,FALSE,FALSE
88,com.adventnet.jmx,DefaultDynamicMBean,getStandardMBeanObject(),4,1,0,1,FALSE,FALSE,FALSE,FALSE
89,com.adventnet.jmx,DefaultDynamicMBean,makeMBeanInfo(),12,1,0,1,FALSE,FALSE,FALSE,FALSE
90,com.adventnet.jmx,DefaultDynamicMBean,invoke(String;Object[];String[]),244,50,4,0.333333,TRUE,TRUE,TRUE,TRUE
91,com.adventnet.jmx,MBeanServerImpl,createMBean(String;ObjectName;Object[];String[]),120,19,1,0.5,TRUE,TRUE,TRUE,FALSE
92,org.quickserver.util.io,ByteBufferOutputStream,setDebug(boolean),6,2,0,1,FALSE,FALSE,FALSE,FALSE
93,org.quickserver.util.io,ByteBufferOutputStream,isLoggable(Level),3,1,0,1,FALSE,FALSE,FALSE,FALSE
94,org.quickserver.util.io,ByteBufferOutputStream,ByteBufferOutputStream(ArrayList;ClientHandler),6,3,0,1,FALSE,FALSE,FALSE,FALSE
95,org.quickserver.util.io,ByteBufferOutputStream,close(),5,2,0,1,FALSE,FALSE,FALSE,FALSE
96,org.quickserver.net.qsadmin.gui,Propertie,addToPanel(Container;GridBagConstraints;PropertiePanel;QSAdminMain),98,7,0,1,FALSE,FALSE,FALSE,FALSE
97,org.java.plugin.tools,PluginArchiver,pack(PluginDescriptor;PathResolver;File),7,1,0,0,FALSE,FALSE,FALSE,FALSE
98,org.java.plugin.tools,PluginArchiver,pack(PluginFragment;PathResolver;File),7,1,0,0,FALSE,FALSE,FALSE,FALSE
99,org.java.plugin.tools,PluginArchiver,pack(URL;String;File),20,3,0,0,FALSE,FALSE,FALSE,FALSE
100,org.java.plugin.tools,PluginArchiver,pack(PluginRegistry;PathResolver;File),10,1,0,0,FALSE,FALSE,FALSE,FALSE
101,org.java.plugin.tools.ant,BaseJpfTask,initRegistry(boolean),80,17,0,1,TRUE,TRUE,TRUE,FALSE
102,org.java.plugin.standard,ShadowDataController,shadowResource(URL;String;boolean),147,23,0,1,TRUE,TRUE,TRUE,FALSE
103,org.java.plugin.registry.xml,PluginRegistryImpl,register(URL[]),164,28,4,0.666667,TRUE,TRUE,TRUE,FALSE
104,org.picocontainer.security,CustomPermissionsURLClassLoader,CustomPermissionsURLClassLoader(URL[];Map;ClassLoader),4,1,0,1,FALSE,FALSE,FALSE,FALSE
105,org.picocontainer.security,CustomPermissionsURLClassLoader,loadClass(String),7,2,0,0,FALSE,FALSE,FALSE,FALSE
106,org.picocontainer.security,CustomPermissionsURLClassLoader,findClass(String),7,2,0,0,FALSE,FALSE,FALSE,FALSE
107,org.picocontainer.security,CustomPermissionsURLClassLoader,decorateException(String;ClassNotFoundException),19,3,0,0,FALSE,FALSE,TRUE,FALSE
108,freecs.auth.sqlConnectionPool,PoolElement,PoolElement(ConnectionPool;Connection;DbProperties;int),13,3,6,0.454545,FALSE,FALSE,FALSE,FALSE
109,freecs.auth.sqlConnectionPool,PoolElement,isValid(),20,7,4,0.636364,FALSE,FALSE,FALSE,FALSE
110,freecs.auth.sqlConnectionPool,PoolElement,cleanup(),40,10,3,0.7,FALSE,FALSE,FALSE,FALSE
111,freecs.auth.sqlConnectionPool,PoolElement,readColumns(User;ResultSet),108,43,29,0.064516,TRUE,TRUE,TRUE,TRUE
112,freecs.auth.sqlConnectionPool,PoolElement,logoutUser(User),136,52,17,0.227273,TRUE,TRUE,TRUE,TRUE
113,freecs.commands,CmdKickToRoom,execute(MessageState;String),120,24,15,0,TRUE,TRUE,TRUE,TRUE
114,freecs.util,HtmlEncoder,encode(String;StringBuffer;boolean;Set),406,127,0,1,TRUE,TRUE,TRUE,FALSE
115,com.finalist.jag.uml,UML2JagGenerator,UML2JagGenerator(ConsoleLogger),4,1,0,1,FALSE,FALSE,FALSE,FALSE
116,com.finalist.jag.uml,UML2JagGenerator,UML2JagGenerator(),3,1,0,1,FALSE,FALSE,FALSE,FALSE
117,com.finalist.jag.uml,UML2JagGenerator,generateXML(String;String),20,3,0,1,FALSE,FALSE,FALSE,FALSE
118,com.finalist.jag.uml,UML2JagGenerator,generateXML(SimpleModel;String),30,2,0,1,FALSE,FALSE,FALSE,FALSE
119,com.finalist.jag.uml,UML2JagGenerator,createEntityEJBs(SimpleModel),143,22,35,0.166667,TRUE,TRUE,TRUE,TRUE
120,com.finalist.jag.uml,UML2JagGenerator,createSessionEJBs(SimpleModel),102,18,12,0.076923,TRUE,TRUE,TRUE,TRUE
121,com.finalist.jaggenerator,SkeletValidator,validateSkelet(),374,87,24,0.076923,TRUE,TRUE,TRUE,TRUE
122,org.sunflow.core.camera,SphericalLens,update(ParameterList;SunflowAPI),3,1,0,0,FALSE,FALSE,FALSE,FALSE
123,org.sunflow.core.camera,SphericalLens,getRay(float;float;int;int;double;double;double),6,1,0,0,FALSE,FALSE,FALSE,FALSE
124,org.sunflow.core.camera,PinholeLens,PinholeLens(),5,1,0,1,FALSE,FALSE,FALSE,FALSE
125,org.sunflow.core.camera,PinholeLens,update(ParameterList;SunflowAPI),7,1,0,1,FALSE,FALSE,FALSE,FALSE
126,org.sunflow.core.camera,PinholeLens,update(),4,1,0,1,FALSE,FALSE,FALSE,FALSE
127,org.sunflow.image,Bitmap,Bitmap(String;boolean),241,55,2,0.666667,TRUE,TRUE,TRUE,FALSE
128,org.sunflow.core.shader,PhongShader,scatterPhoton(ShadingState;Color),38,3,11,0.153846,FALSE,FALSE,FALSE,TRUE
129,org.sunflow.core.accel,KDTree,buildTree(float;float;float;float;float;float;KDTree.BuildTask;int;IntArray;int;IntArray;KDTree.BuildStats),214,45,3,0.5625,TRUE,TRUE,TRUE,FALSE
130,org.sunflow.core.renderer,BucketRenderer,renderBucket(Display;int;int;int;IntersectionState),102,22,5,0.619048,TRUE,TRUE,TRUE,FALSE
131,marauroa.server.game.db,RPObjectDAO,RPObjectDAO(RPObjectFactory),3,1,0,1,FALSE,FALSE,FALSE,FALSE
132,org.jgrapht.experimental.permutation,CollectionPermutationIter,CollectionPermutationIter(Set),6,1,0,0,FALSE,FALSE,FALSE,FALSE
133,org.jgrapht.experimental.permutation,CollectionPermutationIter,CollectionPermutationIter(List),6,1,0,0,FALSE,FALSE,FALSE,FALSE
134,org.jgrapht.experimental.permutation,CollectionPermutationIter,CollectionPermutationIter(List;ArrayPermutationsIter),7,1,2,0,FALSE,FALSE,TRUE,FALSE
135,org.jgrapht.experimental.permutation,CollectionPermutationIter,hasNext(),4,1,1,0,FALSE,FALSE,FALSE,FALSE
136,org.jgrapht.graph,AbstractBaseGraph,AbstractBaseGraph(EdgeFactory;boolean;boolean),18,2,6,0,FALSE,FALSE,FALSE,TRUE
137,org.jgrapht.alg,KShortestPathsIterator,KShortestPathsIterator(Graph;Object;Object;int),20,1,7,0,FALSE,FALSE,FALSE,TRUE
138,com.vladium.jcd.cls.attribute,DeclaredExceptionTable,get(int),4,1,0,1,FALSE,FALSE,FALSE,FALSE
139,com.vladium.jcd.cls.attribute,DeclaredExceptionTable,size(),4,1,0,1,FALSE,FALSE,FALSE,FALSE
140,com.vladium.jcd.cls.attribute,DeclaredExceptionTable,length(),4,1,0,1,FALSE,FALSE,FALSE,FALSE
141,com.vladium.jcd.cls.attribute,DeclaredExceptionTable,clone(),16,2,0,1,FALSE,FALSE,FALSE,FALSE
142,com.vladium.util.args,OptsParser,parse(String[]),284,35,0,0.466667,TRUE,TRUE,TRUE,FALSE
143,com.vladium.emma.data,DataFactory,mergeload(File),104,21,3,0.5,TRUE,TRUE,TRUE,FALSE
144,com.vladium.emma.instr,InstrVisitor.clinitHeader,clinitHeader(InstrVisitor;int),51,4,10,0.166667,FALSE,FALSE,FALSE,TRUE
145,com.vladium.emma.report.html,ReportGenerator,embedSrcFile(SrcFileItem;HTMLDocument;IntObjectMap;SourcePathCache),169,22,16,0.448276,TRUE,TRUE,TRUE,FALSE
146,com.vladium.emma.report,AbstractReportGenerator,initialize(IMetaData;ICoverageData;SourcePathCache;IProperties),159,23,12,0.52381,TRUE,TRUE,TRUE,FALSE
147,org.apache.log4j.pattern,BridgePatternParser,BridgePatternParser(String),4,1,0,0,FALSE,FALSE,FALSE,FALSE
148,org.apache.log4j.pattern,BridgePatternParser,parse(),3,1,0,1,FALSE,FALSE,FALSE,FALSE
149,org.apache.log4j.pattern,ThreadPatternConverter,ThreadPatternConverter(),3,1,0,0,FALSE,FALSE,FALSE,FALSE
150,org.apache.log4j.spi,LocationInfo,LocationInfo(Throwable;String),114,22,2,0.875,TRUE,TRUE,TRUE,FALSE
151,org.axiondb.jdbc,ConnectionFactory,isValidConnectString(String),3,1,0,1,FALSE,FALSE,FALSE,FALSE
152,org.axiondb.jdbc,ConnectionFactory,createConnection(String),15,3,0,1,FALSE,FALSE,FALSE,FALSE
153,org.axiondb.jdbc,AbstractAxionBlob,getBinaryStream(),3,1,0,0,FALSE,FALSE,TRUE,FALSE
154,org.axiondb.engine,BaseArrayIndex,supportsOperator(ComparisonOperator),19,7,7,0.142857,FALSE,FALSE,FALSE,TRUE
155,org.axiondb.parser,AxionSqlParser,SqlTableList(FromNode),26,5,5,0.166667,FALSE,FALSE,FALSE,TRUE
156,org.axiondb.engine.commands,SelectCommand,processFromTree(FromNode;Database),164,39,14,0.222222,TRUE,TRUE,TRUE,TRUE
157,org.jgraph.plugins.layouts,AnnealingLayoutSettings,AnnealingLayoutSettings(AnnealingLayoutAlgorithm;boolean),124,1,0,1,FALSE,FALSE,FALSE,FALSE
158,org.jgraph.plugins.layouts,AnnealingLayoutSettings,revert(),3,1,0,0,FALSE,FALSE,FALSE,FALSE
159,org.jgraph.plugins.layouts,AnnealingLayoutSettings,initComponents(),722,9,1,0.984848,FALSE,FALSE,FALSE,FALSE
160,org.jgraph.plugins.layouts,GEMLayoutSettings,setOptimizationConfiguration(Properties),4,1,30,0.032258,FALSE,FALSE,FALSE,TRUE
161,org.microplatform.gui,org.microplatform.gui.MDIContainer$1,construct(),29,2,10,0,FALSE,FALSE,FALSE,TRUE
162,org.jext.textarea,CsWord,CsWord(int;int),6,2,0,1,FALSE,FALSE,FALSE,FALSE
163,org.jext.project,DefaultProjectManager,jextEventFired(JextEvent),21,8,9,0.181818,FALSE,FALSE,FALSE,TRUE
164,net.sourceforge.cobertura.javancss.parser.java15.debug,JavaParser15Debug,_formatPackage(String),7,2,0,0,FALSE,FALSE,FALSE,FALSE
165,net.sourceforge.cobertura.javancss.parser.java15.debug,JavaParser15Debug,parse(),3,1,0,0,FALSE,FALSE,FALSE,FALSE
166,net.sourceforge.cobertura.javancss.parser.java15.debug,JavaParser15Debug,parseImportUnit(),3,1,0,0,FALSE,FALSE,FALSE,FALSE
167,org.quartz.xml,XMLSchedulingDataProcessor,XMLSchedulingDataProcessor(ClassLoadHelper),4,1,0,1,FALSE,FALSE,FALSE,FALSE
168,org.quartz.xml,XMLSchedulingDataProcessor,initDocumentParser(),49,1,0,1,FALSE,FALSE,FALSE,FALSE
169,org.quartz.xml,XMLSchedulingDataProcessor,resolveSchemaSource(),24,2,0,1,FALSE,FALSE,FALSE,FALSE
170,org.quartz.xml,XMLSchedulingDataProcessor,process(InputSource),244,41,8,0.578947,TRUE,TRUE,TRUE,FALSE
171,org.quartz.xml,XMLSchedulingDataProcessor,scheduleJobs(Scheduler),176,41,6,0.142857,TRUE,TRUE,TRUE,TRUE
172,org.quartz.impl.jdbcjobstore,JobStoreSupport,clusterRecover(Connection;List),163,16,18,0.333333,TRUE,TRUE,TRUE,TRUE
173,com.anotherbigidea.flash.sound,MP3Frame,getBitRate(),1,1,0,1,FALSE,FALSE,FALSE,FALSE
174,com.anotherbigidea.flash.sound,MP3Frame,getSampleRate(),1,1,0,1,FALSE,FALSE,FALSE,FALSE
175,com.anotherbigidea.flash.sound,MP3Frame,isStereo(),1,1,0,1,FALSE,FALSE,FALSE,FALSE
176,com.anotherbigidea.flash.sound,MP3Helper,getSoundDefinition(InputStream),39,7,8,0,FALSE,FALSE,FALSE,TRUE
177,org.apache.velocity.convert,WebMacro,convert(String),30,4,0,1,FALSE,FALSE,TRUE,FALSE
178,org.apache.velocity.convert,WebMacro,writeTemplate(String;String;String),58,7,0,1,FALSE,FALSE,FALSE,FALSE
179,org.apache.velocity.convert,WebMacro,extractPath(String),6,2,0,0,FALSE,FALSE,FALSE,FALSE
180,com.ecyrd.management,SimpleMBean,findGetterSetter(Class;String;Class),18,3,0,0,FALSE,FALSE,FALSE,FALSE
181,com.ecyrd.jspwiki.plugin,PageViewPlugin.PageViewManager,execute(WikiContext;Map),210,48,21,0.16,TRUE,TRUE,TRUE,TRUE
182,com.ecyrd.jspwiki.plugin,RecentChangesPlugin,execute(WikiContext;Map),156,13,11,0.214286,TRUE,TRUE,TRUE,TRUE
183,com.jgraph.layout,JGraphExampleLayoutCache,JGraphExampleLayoutCache(),3,1,0,0,FALSE,FALSE,FALSE,FALSE
184,com.jgraph.layout,JGraphExampleLayoutCache,JGraphExampleLayoutCache(JGraphExampleGraph),5,1,2,0.666667,FALSE,FALSE,FALSE,FALSE
185,com.jgraph.layout.hierarchical,JGraphMedianHybridCrossingReduction,transpose(int;JGraphHierarchyModel),138,25,1,0,TRUE,TRUE,TRUE,FALSE
186,org.exolab.jms.tranlog,DataTransactionLogEntry,DataTransactionLogEntry(),2,1,0,0,FALSE,FALSE,FALSE,FALSE
187,org.exolab.jms.tranlog,DataTransactionLogEntry,DataTransactionLogEntry(ExternalXid;String),3,1,0,0,FALSE,FALSE,FALSE,FALSE
188,org.exolab.jms.tranlog,DataTransactionLogEntry,DataTransactionLogEntry(ExternalXid;String;long),3,1,0,0,FALSE,FALSE,FALSE,FALSE
189,org.exolab.jms.plugins.proxygen,ProxyGenerator,generateMethod(Method;SourceWriter),153,36,0,1,TRUE,TRUE,TRUE,FALSE
190,org.exolab.jms.net.uri,URIHelper,convertHostToAddress(URI),20,5,7,0,FALSE,FALSE,FALSE,TRUE
191,fitlibrary.specify.entityParser,UserAdapter,addDebt(User;double),4,1,0,0,FALSE,FALSE,FALSE,FALSE
192,fitlibrary.specify.entityParser,UserAdapter,findUser(String),6,2,0,1,FALSE,FALSE,FALSE,FALSE
193,fitlibraryGeneric.list,ListParser2,parseTable(Table;TestResults),27,8,5,0.285714,FALSE,FALSE,FALSE,TRUE
194,cern.jet.math,NumericalIntegration,NumericalIntegration(),1,1,0,0,FALSE,FALSE,FALSE,FALSE
195,cern.jet.math,Exponential,Exponential(),1,1,0,0,FALSE,FALSE,FALSE,FALSE
196,cern.jet.math,ExponentialIntegral,ExponentialIntegral(),1,1,0,0,FALSE,FALSE,FALSE,FALSE
197,cern.colt.matrix.linalg,EigenvalueDecomposition,hqr2(),438,69,0,1,TRUE,TRUE,TRUE,FALSE
198,cern.colt.bitvector,BitVector,forEachIndexFromToInState(int;int;boolean;IntProcedure),111,21,1,0.666667,TRUE,TRUE,TRUE,FALSE
199,edu.uci.ics.jung.visualization3d.decorators,PickableVertexPaintTransformer,PickableVertexPaintTransformer(PickedInfo;Paint;Paint),11,2,3,0,FALSE,FALSE,FALSE,FALSE
200,edu.uci.ics.jung.visualization3d.decorators,PickableVertexPaintTransformer,transform(Object),7,2,3,0,FALSE,FALSE,FALSE,FALSE
201,edu.uci.ics.jung.io.graphml.parser,GraphElementParser,GraphElementParser(ParserContext),3,1,0,0,FALSE,FALSE,TRUE,FALSE
202,net.suberic.pooka.resource,JDBCResourceManager,createVariableBundle(String;VariableBundle),22,2,0,0,FALSE,FALSE,FALSE,FALSE
203,net.suberic.pooka.resource,JDBCResourceManager,createMailcap(String),3,1,0,0,FALSE,FALSE,FALSE,FALSE
204,net.suberic.pooka.resource,JDBCResourceManager,createPookaTrustManager(TrustManager[];String),3,1,0,0,FALSE,FALSE,FALSE,FALSE
205,net.suberic.pooka.gui.search,SearchEntryPanel,setEnabled(boolean),10,2,11,0.176471,FALSE,FALSE,FALSE,TRUE
206,net.suberic.pooka.thread,LoadMessageThread,loadWaitingMessages(),171,39,10,0.230769,TRUE,TRUE,TRUE,TRUE
207,net.suberic.pooka.cache,CachingFolderInfo,loadFolder(boolean),121,33,8,0.944444,TRUE,TRUE,TRUE,FALSE
208,org.lnicholls.galleon.apps.desktop,DesktopConfiguration,getName(),5,1,0,1,FALSE,FALSE,FALSE,FALSE
209,org.lnicholls.galleon.apps.desktop,DesktopConfiguration,setName(String),9,3,0,1,FALSE,FALSE,FALSE,FALSE
210,org.lnicholls.galleon.apps.desktop,DesktopConfiguration,setModified(boolean),5,1,0,1,FALSE,FALSE,FALSE,FALSE
211,org.lnicholls.galleon.apps.desktop,Desktop.DesktopScreen,update(),137,7,0,0,FALSE,FALSE,FALSE,FALSE
212,org.lnicholls.galleon.apps.email,org.lnicholls.galleon.apps.email.Email$3,run(),235,25,10,0,TRUE,TRUE,TRUE,TRUE
213,org.lnicholls.galleon.apps.internetSlideshows,InternetSlideshows,getPhotoDescriptions(String),177,21,0,0,TRUE,TRUE,TRUE,FALSE
214,org.lnicholls.galleon.widget,DefaultApplication,init(IContext),77,7,10,0.090909,FALSE,FALSE,FALSE,TRUE
215,org.lnicholls.galleon.database,PersistentValueManager,savePersistentValue(String;String;Date;int),120,12,0,1,TRUE,TRUE,TRUE,FALSE
216,org.lnicholls.galleon.apps.traffic,Traffic,getTrafficResults(String;String;String;String;String),193,21,0,1,TRUE,TRUE,TRUE,FALSE
217,org.lnicholls.galleon.server,TiVoListener,resolveService(JmDNS;String;String;ServiceInfo),177,20,9,0.428571,TRUE,TRUE,TRUE,FALSE
218,org.webcurator.core.harvester.agent,HarvestAgentFactoryImpl,getHarvestAgent(String;int),6,1,2,0,FALSE,FALSE,FALSE,FALSE
219,org.webcurator.core.harvester.agent,HarvestAgentFactoryImpl,getLogReader(String;int),3,1,1,0,FALSE,FALSE,FALSE,FALSE
220,org.webcurator.core.harvester.agent,HarvesterStatusUtil,formatTime(long),22,1,0,0,FALSE,FALSE,FALSE,FALSE
221,org.webcurator.ui.intray.controller,InTrayController,processFormSubmission(HttpServletRequest;HttpServletResponse;Object;BindException),47,13,13,0.071429,FALSE,FALSE,FALSE,TRUE
222,org.webcurator.core.profiles,ProfileManager,createDefaultProfile(Agency),13,1,11,0.153846,FALSE,FALSE,FALSE,TRUE
223,org.webcurator.ui.tools.controller,TreeToolController,handle(HttpServletRequest;HttpServletResponse;Object;BindException),363,47,32,0.177778,TRUE,TRUE,TRUE,TRUE
224,org.webcurator.ui.tools.controller,BrowseController,handle(HttpServletRequest;HttpServletResponse;Object;BindException),136,20,4,0.6,TRUE,TRUE,TRUE,FALSE
225,org.webcurator.core.targets,TargetManagerImpl,createBatchTargetInstances(AbstractTarget;Schedule;TargetGroup;boolean),127,23,28,0.151515,TRUE,TRUE,TRUE,TRUE
226,org.webcurator.core.targets,TargetManagerImpl,createTargetInstances(AbstractTarget;Schedule;boolean),142,26,29,0.171429,TRUE,TRUE,TRUE,TRUE
227,org.webcurator.ui.admin.controller,CreateUserController,processFormSubmission(HttpServletRequest;HttpServletResponse;Object;BindException),157,15,52,0.103448,TRUE,TRUE,TRUE,TRUE
228,org.webcurator.ui.target.controller,TargetSchedulesHandler,processOther(TabbedController;Tab;HttpServletRequest;HttpServletResponse;Object;BindException),139,17,16,0.2,TRUE,TRUE,TRUE,TRUE
229,org.webcurator.ui.target.controller,LogReaderController,handle(HttpServletRequest;HttpServletResponse;Object;BindException),160,26,22,0.153846,TRUE,TRUE,TRUE,TRUE
230,org.webcurator.ui.target.controller,TargetSeedsHandler,processOther(TabbedController;Tab;HttpServletRequest;HttpServletResponse;Object;BindException),391,54,42,0.125,TRUE,TRUE,TRUE,TRUE
231,proguard.optimize.info,CaughtClassFilter,CaughtClassFilter(ClassVisitor),4,1,0,1,FALSE,FALSE,FALSE,FALSE
232,proguard.optimize.info,CaughtClassFilter,visitProgramClass(ProgramClass),7,2,0,1,FALSE,FALSE,FALSE,FALSE
233,proguard.optimize.info,CaughtClassFilter,visitLibraryClass(LibraryClass),7,2,0,1,FALSE,FALSE,FALSE,FALSE
234,proguard.optimize.info,ReadWriteFieldMarker,visitConstantInstruction(Clazz;Method;CodeAttribute;int;ConstantInstruction),32,7,8,0.2,FALSE,FALSE,FALSE,TRUE
235,proguard.optimize.info,SideEffectInstructionChecker,visitSimpleInstruction(Clazz;Method;CodeAttribute;int;SimpleInstruction),29,19,18,0.1,FALSE,FALSE,FALSE,TRUE
236,proguard.retrace,ReTrace,execute(),241,36,0,1,TRUE,TRUE,TRUE,FALSE
237,org.apache.roller.planet.util,Utilities,stripJsessionId(String),14,3,0,0,FALSE,FALSE,FALSE,FALSE
238,org.apache.roller.planet.util,Utilities,escapeHTML(String),3,1,0,0,FALSE,FALSE,FALSE,FALSE
239,org.apache.roller.planet.util,Utilities,escapeHTML(String;boolean),11,2,0,0,FALSE,FALSE,FALSE,FALSE
240,org.apache.roller.planet.util,MailUtil,sendMessage(Session;String;String[];String[];String[];String;String;String),91,17,0,1,TRUE,TRUE,TRUE,FALSE
241,org.apache.roller.weblogger.ui.struts2.core,Profile,save(),46,6,13,0.2,FALSE,FALSE,FALSE,TRUE
242,org.apache.roller.weblogger.webservices.xmlrpc,MetaWeblogAPIHandler,newPost(String;String;String;Hashtable;boolean),95,15,18,0.142857,TRUE,TRUE,TRUE,TRUE
243,org.apache.roller.weblogger.util,MailUtil,sendEmailNotification(WeblogEntryComment;RollerMessages;I18nMessages;boolean),228,29,3,0.4,TRUE,TRUE,TRUE,FALSE
244,org.apache.roller.weblogger.ui.core.util.menu,MenuHelper,buildMenu(ParsedMenu;String;User;Weblog),106,19,19,0.05,TRUE,TRUE,TRUE,TRUE
245,com.mvnforum.user,MessageFolderWebHandler,MessageFolderWebHandler(),2,1,0,0,FALSE,FALSE,FALSE,FALSE
246,com.mvnforum.user,MessageFolderWebHandler,prepareAdd(GenericRequest),16,2,1,1,FALSE,FALSE,FALSE,FALSE
247,com.mvnforum.user,MessageFolderWebHandler,processAdd(GenericRequest),33,3,2,1,FALSE,FALSE,TRUE,FALSE
248,com.mvnforum.user,MessageFolderWebHandler,prepareList(GenericRequest),36,4,7,0.2,FALSE,FALSE,FALSE,TRUE
249,com.mvnforum.user,MessageFolderWebHandler,prepareDelete(GenericRequest),43,7,7,0.2,FALSE,FALSE,FALSE,TRUE
250,com.mvnforum.user,WatchWebHandler,sendMail_forMember(int;String;Timestamp),135,18,13,0.125,TRUE,TRUE,TRUE,TRUE
251,com.mvnforum.user,PmAttachmentWebHandler,processAdd(GenericRequest;GenericResponse),271,33,31,0.178571,TRUE,TRUE,TRUE,TRUE
252,com.mvnforum.user,AttachmentWebHandler,processSearchAttachments(GenericRequest;GenericResponse),102,15,13,0.2,TRUE,TRUE,TRUE,TRUE
253,com.mvnforum.auth,OnlineUserFactoryImpl,getAuthenticatedUser(GenericRequest;GenericResponse;String;String;boolean),115,20,22,0.034483,TRUE,TRUE,TRUE,TRUE
254,org.archive.crawler.framework,AbstractTracker,AbstractTracker(String;String),7,1,1,1,FALSE,FALSE,FALSE,FALSE
255,org.archive.crawler.framework,AbstractTracker,initialize(CrawlController),7,1,0,1,FALSE,FALSE,FALSE,FALSE
256,org.archive.crawler.framework,AbstractTracker,run(),31,6,1,0.75,FALSE,FALSE,FALSE,FALSE
257,org.archive.extractor,RegexpHTMLLinkExtractor,processGeneralTag(CharSequence;CharSequence),125,30,1,0.928571,TRUE,TRUE,TRUE,FALSE
258,org.archive.crawler.admin.ui,JobConfigureUtils,handleJobAction(CrawlJobHandler;HttpServletRequest;HttpServletResponse;String;String;String),118,40,1,0.923077,TRUE,TRUE,TRUE,FALSE
259,org.archive.crawler.settings,CrawlSettingsSAXHandler,CrawlSettingsSAXHandler(CrawlerSettings),54,1,34,0.081081,FALSE,FALSE,FALSE,TRUE
260,net.sourceforge.ganttproject.filter,GanttXMLFileFilter,GanttXMLFileFilter(),3,1,0,0,FALSE,FALSE,FALSE,FALSE
261,net.sourceforge.ganttproject.filter,ExtensionBasedFileFilter,ExtensionBasedFileFilter(String;String),4,1,0,1,FALSE,FALSE,FALSE,FALSE
262,net.sourceforge.ganttproject.filter,ExtensionBasedFileFilter,accept(File),6,2,0,0,FALSE,FALSE,FALSE,FALSE
263,org.ganttproject.impex.msproject,GanttMPXJOpen,processTask(TaskManager;MPXCalendar;Task;DefaultMutableTreeNode),99,15,11,0.214286,TRUE,TRUE,TRUE,TRUE
264,net.sourceforge.ganttproject.gui.options,CSVSettingsPanel,applyChanges(boolean),45,21,19,0.095238,FALSE,FALSE,FALSE,TRUE
265,net.sourceforge.ganttproject.task,TaskProperties,getProperty(Task;String),101,27,2,0.888889,TRUE,TRUE,TRUE,FALSE
266,freemind.modes.browsemode,BrowseHookFactory,BrowseHookFactory(),3,1,0,0,FALSE,FALSE,FALSE,FALSE
267,freemind.modes.browsemode,BrowseHookFactory,getPossibleNodeHooks(),3,1,0,0,FALSE,FALSE,FALSE,FALSE
268,freemind.modes.browsemode,BrowseHookFactory,getPossibleModeControllerHooks(),3,1,0,0,FALSE,FALSE,FALSE,FALSE
269,accessories.plugins,ImportMindmanagerFiles,importMindmanagerFile(File),41,7,2,0.666667,FALSE,FALSE,FALSE,FALSE
270,test.net.sourceforge.pmd.rules.basic,BasicRulesTest,setUp(),37,1,0,0,FALSE,FALSE,FALSE,FALSE
271,net.sourceforge.pmd.util,Benchmark,main(String[]),51,12,6,0,FALSE,FALSE,TRUE,TRUE
272,com.itextpdf.text.pdf.collection,PdfCollection,PdfCollection(int),16,4,6,0.333333,FALSE,FALSE,FALSE,TRUE
273,com.itextpdf.text.pdf.collection,PdfCollection,setInitialDocument(String),3,1,1,0,FALSE,FALSE,FALSE,FALSE
274,com.itextpdf.text.pdf.collection,PdfCollection,setSchema(PdfCollectionSchema),3,1,1,0,FALSE,FALSE,FALSE,FALSE
275,com.itextpdf.text.pdf.collection,PdfCollection,getSchema(),3,1,1,0,FALSE,FALSE,FALSE,FALSE
276,com.itextpdf.text.pdf.qrcode,Encoder,encode(String;ErrorCorrectionLevel;Map;QRCode),57,8,10,0.090909,FALSE,FALSE,FALSE,TRUE
277,com.itextpdf.text.pdf.fonts.cmaps,CMapParser,parse(InputStream),103,16,2,0.428571,TRUE,TRUE,TRUE,FALSE
278,com.itextpdf.text.html.simpleparser,FactoryProperties,getFont(ChainedProperties),33,12,11,0.083333,FALSE,FALSE,FALSE,TRUE
279,com.itextpdf.text.pdf.codec,TIFFFaxDecoder,decode2D(byte[];byte[];int;int;long),150,11,0,1,TRUE,TRUE,TRUE,FALSE
280,com.itextpdf.text.pdf.codec,TIFFFaxDecoder,decodeT6(byte[];byte[];int;int;long),217,23,0,1,TRUE,TRUE,TRUE,FALSE
281,com.itextpdf.text.pdf,PdfDocument,writeLineToContent(PdfLine;PdfContentByte;PdfContentByte;Object[];float),345,101,35,0.04878,TRUE,TRUE,TRUE,TRUE
282,com.itextpdf.text.pdf,PdfContentByte,addImage(Image;float;float;float;float;float;float;boolean),115,26,12,0.294118,TRUE,TRUE,TRUE,TRUE
283,com.itextpdf.text.pdf,AcroFields,setFieldProperty(String;String;Object;int[]),150,38,15,0.190476,TRUE,TRUE,TRUE,TRUE
284,com.itextpdf.text.pdf,BidiOrder,resolveWeakTypes(int;int;byte;byte;byte),110,35,0,1,TRUE,TRUE,TRUE,FALSE
285,com.itextpdf.text.pdf,PdfPRow,writeCells(int;int;float;float;PdfContentByte[]),223,49,35,0.146341,TRUE,TRUE,TRUE,TRUE
286,com.itextpdf.text.pdf,SimpleBookmark,createOutlineAction(PdfDictionary;HashMap;PdfWriter;boolean),103,29,13,0,TRUE,TRUE,TRUE,TRUE
287,org.gjt.sp.jedit.help,HistoryButton,HistoryButton(int;HelpHistoryModel),26,1,0,1,FALSE,FALSE,FALSE,FALSE
288,org.gjt.sp.jedit.help,HistoryButton,setEnabled(boolean),6,1,0,1,FALSE,FALSE,FALSE,FALSE
289,org.gjt.sp.jedit.help,HistoryButton,addActionListener(ActionListener),5,1,0,1,FALSE,FALSE,FALSE,FALSE
290,org.gjt.sp.jedit.help,HelpIndex,indexEditorHelp(),35,5,5,0.2,FALSE,FALSE,FALSE,TRUE
291,org.gjt.sp.jedit.textarea,ChunkCache,updateChunksUpTo(int),167,24,8,0.272727,TRUE,TRUE,TRUE,TRUE
292,org.gjt.sp.jedit,Buffer,save(View;String;boolean;boolean),194,29,10,0.428571,TRUE,TRUE,TRUE,FALSE
293,org.gjt.sp.jedit.gui,ExtendedGridLayout,buildGrid(Container;List;Set;Set),197,37,4,0,TRUE,TRUE,TRUE,TRUE
294,org.columba.core.gui.trayicon,ColumbaTrayIcon,ColumbaTrayIcon(),5,1,0,1,FALSE,FALSE,FALSE,FALSE
295,org.columba.core.gui.trayicon,ColumbaTrayIcon,getInstance(),3,1,0,1,FALSE,FALSE,FALSE,FALSE
296,org.columba.core.gui.trayicon,ColumbaTrayIcon,addToSystemTray(IFrameMediator),15,1,1,1,FALSE,FALSE,FALSE,FALSE
297,org.columba.core.gui.trayicon,ColumbaTrayIcon,setTooltip(String),3,1,0,1,FALSE,FALSE,FALSE,FALSE
298,org.columba.mail.gui.composer.html,HtmlEditorView,keyTyped(KeyEvent),151,1,0,0,FALSE,FALSE,FALSE,FALSE
299,org.columba.mail.smtp,SMTPServer,ensureAuthenticated(),167,16,10,0.4,TRUE,TRUE,TRUE,TRUE
300,org.columba.mail,EudoraMailImportFilter,convertAndSaveMessage(String;String;IWorkerStatusController;IMailbox),160,18,3,0.4,TRUE,TRUE,TRUE,FALSE
301,org.columba.mail.folder.imap,IMAPFolder,synchronizeHeaderlist(),265,37,4,0.666667,TRUE,TRUE,TRUE,FALSE
302,org.jhotdraw.draw.locator,AbstractLocator,AbstractLocator(),2,1,0,0,FALSE,FALSE,FALSE,FALSE
303,org.jhotdraw.draw.locator,AbstractLocator,locate(Figure;Figure),4,1,0,0,FALSE,FALSE,FALSE,FALSE
304,org.jhotdraw.draw.locator,BezierPointLocator,BezierPointLocator(int),4,1,0,1,FALSE,FALSE,FALSE,FALSE
305,org.jhotdraw.draw.locator,BezierPointLocator,BezierPointLocator(int;int),4,1,0,1,FALSE,FALSE,FALSE,FALSE
306,org.jhotdraw.samples.odg.io,ODGStylesReader,readGraphicPropertiesElement(IXMLElement;HashMap),56,7,9,0,FALSE,FALSE,FALSE,TRUE
307,org.jhotdraw.samples.odg.io,ODGStylesReader,readStylesElement(IXMLElement),3,1,0,1,FALSE,FALSE,FALSE,FALSE
308,org.jhotdraw.samples.odg.io,ODGInputFormat,toPath(String),441,89,10,0.090909,TRUE,TRUE,TRUE,TRUE
309,org.jhotdraw.draw,DefaultDrawingViewTransferHandler,importData(JComponent;Transferable;HashSet;Point),223,29,0,1,TRUE,TRUE,TRUE,FALSE
310,artofillusion.animation.distortion,CustomDistortionTrack,CustomDistortionTrack(ObjectInfo),14,1,1,0.875,FALSE,FALSE,FALSE,FALSE
311,artofillusion.animation.distortion,CustomDistortionTrack,apply(double),15,3,5,0.583333,FALSE,FALSE,FALSE,FALSE
312,artofillusion.animation.distortion,CustomDistortionTrack,duplicate(Object),14,1,0,1,FALSE,FALSE,FALSE,FALSE
313,artofillusion.animation.distortion,CustomDistortionTrack,copy(Track),13,1,0,1,FALSE,FALSE,FALSE,FALSE
314,artofillusion.animation.distortion,BendDistortion,transform(Mesh),105,25,4,0.692308,TRUE,TRUE,TRUE,FALSE
315,artofillusion.object,TriangleMesh,doSubdivide(TriangleMesh;Vertex[];Edge[];Face[];boolean[];Vertex[];Edge[];Face[];double[][][];double[][][];int[]),346,51,0,0.133333,TRUE,TRUE,TRUE,FALSE
316,artofillusion.object,SplineMesh,interpOneAxis(MeshVertex[][];float[];double[][][];boolean;double),102,23,1,0.5,TRUE,TRUE,TRUE,FALSE
317,artofillusion.view,SoftwareCanvasDrawer,renderFlatTriangle(Vec2;double;Vec2;double;Vec2;double;int;int;double;int;RGBColor),309,55,5,0.444444,TRUE,TRUE,TRUE,FALSE
318,artofillusion.view,SoftwareCanvasDrawer,renderSmoothTriangle(Vec2;double;Vec2;double;Vec2;double;int;int;double;RGBColor;RGBColor;RGBColor),367,30,5,0.285714,TRUE,TRUE,TRUE,TRUE
319,artofillusion.raytracer,PhotonMap,propagateRay(Ray;OctreeNode;RTObject;double;MaterialMapping;MaterialMapping;Mat4;Mat4;RGBColor;int;double;boolean;boolean),135,23,23,0.115385,TRUE,TRUE,TRUE,TRUE
320,artofillusion.raytracer,Raytracer,traceLightRay(Ray;Light;int;OctreeNode;OctreeNode;double;double;MaterialMapping;MaterialMapping;Mat4;Mat4),107,33,13,0.181818,TRUE,TRUE,TRUE,TRUE
321,artofillusion.raster,Raster,createFinalImage(Vec3;Vec3;Vec3;Vec3),165,11,5,0.666667,TRUE,TRUE,TRUE,FALSE
322,artofillusion.raster,Raster,renderTriangleGouraud(Vec2;float;double;double;RGBColor;RGBColor;Vec2;float;double;double;RGBColor;RGBColor;Vec2;float;double;double;RGBColor;RGBColor;RenderingTriangle;double;double;boolean;ObjectMaterialInfo;RasterContext),646,39,12,0.333333,TRUE,TRUE,TRUE,TRUE
323,artofillusion.raster,Raster,renderTriangleHybrid(Vec2;float;Vec3;Vec3;double;double;RGBColor;Vec2;float;Vec3;Vec3;double;double;RGBColor;Vec2;float;Vec3;Vec3;double;double;RGBColor;RenderingTriangle;Vec3;Vec3;double;double;boolean;ObjectMaterialInfo;RasterContext),673,53,18,0.28,TRUE,TRUE,TRUE,TRUE
324,artofillusion.raster,Raster,renderTrianglePhong(Vec2;float;Vec3;Vec3;double;double;Vec2;float;Vec3;Vec3;double;double;Vec2;float;Vec3;Vec3;double;double;RenderingTriangle;Vec3;Vec3;double;boolean;boolean;ObjectMaterialInfo;RasterContext),576,55,19,0.269231,TRUE,TRUE,TRUE,TRUE
325,org.hsqldb.result,ResultMetaData,ResultMetaData(int),3,1,0,1,FALSE,FALSE,FALSE,FALSE
326,org.hsqldb.result,ResultMetaData,newUpdateResultMetaData(Type[]),12,1,0,1,FALSE,FALSE,FALSE,FALSE
327,org.hsqldb.result,ResultMetaData,newSimpleResultMetaData(Type[]),10,1,0,1,FALSE,FALSE,FALSE,FALSE
328,org.hsqldb.result,ResultMetaData,newResultMetaData(int),6,1,0,0,FALSE,FALSE,FALSE,FALSE
329,org.hsqldb.result,Result,newResult(Session;DataInput;RowInputBinary;int),239,41,39,0.35,TRUE,TRUE,TRUE,TRUE
330,org.hsqldb,ParserDML,resolveUpdateExpressions(Table;RangeVariable[];int[];Expression[];RangeVariable[]),105,22,14,0.066667,TRUE,TRUE,TRUE,TRUE
331,org.hsqldb,SchemaObjectSet,addAllSQL(OrderedHashSet;OrderedHashSet;HsqlArrayList;Iterator;OrderedHashSet),103,26,16,0,TRUE,TRUE,TRUE,TRUE
332,org.hsqldb,StatementDML,performReferentialActions(Session;Table;RowSetNavigatorDataChange;Row;Object[];int[];HashSet),145,25,21,0,TRUE,TRUE,TRUE,TRUE
333,org.hsqldb,ParserDQL,readExpression(HsqlArrayList;short[];int;int;boolean),132,24,13,0.176471,TRUE,TRUE,TRUE,TRUE
334,org.hsqldb.index,IndexAVL,findNode(Session;PersistentStore;Object[];int[];int;int;int;boolean),143,26,11,0.153846,TRUE,TRUE,TRUE,TRUE
335,org.hsqldb.cmdline,SqlFile,displayResultSet(Statement;ResultSet;int[];String),429,97,11,0.59375,TRUE,TRUE,TRUE,FALSE
336,org.hsqldb.store,BaseHashMap,addOrRemoveMultiVal(long;long;Object;Object;boolean;boolean),183,42,2,0.904762,TRUE,TRUE,TRUE,FALSE
337,org.apache.jmeter.protocol.http.control,HttpMirrorThread,HttpMirrorThread(Socket),3,1,0,1,FALSE,FALSE,FALSE,FALSE
338,org.apache.jmeter.monitor.parser,MonitorHandler,startElement(String;String;String;Attributes),129,53,33,0.232558,TRUE,TRUE,TRUE,TRUE
339,org.apache.xerces.impl,XMLVersionDetector,reset(XMLComponentManager),10,2,0,1,FALSE,FALSE,FALSE,FALSE
340,org.apache.xerces.impl,XMLVersionDetector,startDocumentParsing(XMLEntityHandler;short),18,2,11,0.266667,FALSE,FALSE,FALSE,TRUE
341,org.apache.xerces.impl,XMLVersionDetector,fixupCurrentEntity(XMLEntityManager;char[];int),25,4,8,0,FALSE,FALSE,FALSE,TRUE
342,org.apache.xerces.impl,XMLEntityManager,setupCurrentEntity(String;XMLInputSource;boolean;boolean),251,66,8,0.4,TRUE,TRUE,TRUE,TRUE
343,jena,sparql,main(String[]),4,1,0,0,FALSE,FALSE,FALSE,FALSE
344,jena,dbdump,main(String[]),13,1,0,1,FALSE,FALSE,FALSE,FALSE
345,jena,dbdump,dbdump(),4,1,0,0,FALSE,FALSE,FALSE,FALSE
346,jena,schemagen,determineLanguage(),39,7,7,0.222222,FALSE,FALSE,FALSE,TRUE
347,com.hp.hpl.jena.rdf.arp,JenaReader,processArpOptions(ARPOptions;String;Object;RDFErrorHandler),117,31,1,0.8,TRUE,TRUE,TRUE,FALSE
348,com.hp.hpl.jena.reasoner.rulesys.impl,LPInterpreter,run(),394,92,52,0.15873,TRUE,TRUE,TRUE,TRUE
349,com.hp.hpl.jena.reasoner.rulesys,FBRuleInfGraph,prepare(),102,22,7,0.65,TRUE,TRUE,TRUE,FALSE
350,org.jgroups.demos.wb,Node,toString(),5,1,0,1,FALSE,FALSE,FALSE,FALSE
351,org.jgroups.demos.wb,MessageDialog,MessageDialog(Frame;String;String),27,1,0,1,FALSE,FALSE,FALSE,FALSE
352,net.sf.freecol.client.gui.i18n,Relation,Relation(List),3,1,0,0,FALSE,FALSE,FALSE,FALSE
353,net.sf.freecol.client.gui.i18n,Relation,Relation(int;int),4,1,0,1,FALSE,FALSE,FALSE,FALSE
354,net.sf.freecol.client.gui,TilePopup,TilePopup(Tile;FreeColClient;Canvas;GUI),289,34,16,0.272727,TRUE,TRUE,TRUE,TRUE
355,edu.rice.cs.drjava.model.repl,InteractionsEditorKit,InteractionsEditorKit(),2,1,0,0,FALSE,FALSE,FALSE,FALSE
356,edu.rice.cs.drjava.model.repl,InteractionsEditorKit,getContentType(),1,1,0,0,FALSE,FALSE,FALSE,FALSE
357,edu.rice.cs.drjava.model.repl,InteractionsEditorKit,getViewFactory(),1,1,0,1,FALSE,FALSE,FALSE,FALSE
358,edu.rice.cs.drjava.model.repl,InteractionsDJDocument,setColoring(int;Graphics),54,13,19,0.05,FALSE,FALSE,FALSE,TRUE
359,edu.rice.cs.drjava.ui,AutoCompletePopup,show(Component;String;String;int;SizedIterable;SizedIterable;int;Runnable;SizedIterable),124,8,2,0.5,TRUE,TRUE,TRUE,FALSE
360,org.apache.xpath,VariableStack,VariableStack(),4,1,0,0,FALSE,FALSE,FALSE,FALSE
361,org.apache.xpath,VariableStack,VariableStack(int),5,1,0,0,FALSE,FALSE,FALSE,FALSE
362,org.apache.xpath,VariableStack,clone(),11,1,0,1,FALSE,FALSE,FALSE,FALSE
363,org.apache.xalan.xsltc.compiler,Sort,compileSortRecordFactory(Vector;ClassGenerator;MethodGenerator;String),141,6,4,0.733333,FALSE,FALSE,FALSE,FALSE
364,org.apache.xalan.xsltc.dom,XSLTCDTMManager,getDTM(Source;boolean;DTMWSFilter;boolean;boolean;boolean;int;boolean;boolean),152,27,5,0.375,TRUE,TRUE,TRUE,TRUE
365,edu.umd.cs.findbugs.jaif,JAIFEnumConstant,JAIFEnumConstant(String),3,1,0,1,FALSE,FALSE,FALSE,FALSE
366,edu.umd.cs.findbugs.jaif,JAIFEnumConstant,getName(),3,1,0,1,FALSE,FALSE,FALSE,FALSE
367,edu.umd.cs.findbugs.jaif,JAIFEnumConstant,toString(),4,1,0,1,FALSE,FALSE,FALSE,FALSE
368,edu.umd.cs.findbugs.classfile.engine,ClassParserUsingASM,parse(ClassNameAndSuperclassInfo.Builder),325,40,3,0.5,TRUE,TRUE,TRUE,FALSE
369,edu.umd.cs.findbugs.ba.npe,IsNullValueAnalysis,meetInto(IsNullValueFrame;Edge;IsNullValueFrame;boolean),192,43,8,0.529412,TRUE,TRUE,TRUE,FALSE
370,edu.umd.cs.findbugs.detect,FindOpenStream,analyzeMethod(ClassContext;Method;StreamResourceTracker;ResourceCollection),118,21,10,0.277778,TRUE,TRUE,TRUE,TRUE
371,org.exolab.castor.builder.appInfo.generated.simple,Father,Father(),3,1,0,0,FALSE,FALSE,FALSE,FALSE
372,org.exolab.castor.builder.appInfo.generated.simple,Father,deleteSsnr(),4,1,0,1,FALSE,FALSE,FALSE,FALSE
373,org.exolab.castor.builder.appInfo.generated.simple,Father,getFirstName(),4,1,0,1,FALSE,FALSE,FALSE,FALSE
374,org.castor.xmlctf.bestpractise.genpackage.descriptors,PartialTerminationDescriptor,PartialTerminationDescriptor(),250,1,13,0.1875,FALSE,FALSE,FALSE,TRUE
375,org.castor.cpa.persistence.sql.driver,InterbaseQueryExpression,appendJoin(JDBCQueryExpression.Join),28,5,10,0.285714,FALSE,FALSE,FALSE,TRUE
376,org.exolab.castor.xml,Marshaller,marshal(Object;XMLFieldDescriptor;ContentHandler;Marshaller.MarshalState),1134,248,13,0.660377,TRUE,TRUE,TRUE,FALSE
377,org.exolab.castor.xml,UnmarshalHandler,startElement(String;String;String;Attributes),166,46,3,0.6875,TRUE,TRUE,TRUE,FALSE
378,org.exoplatform.faces.core.renderer.html,StringInputRenderer,encodeBegin(FacesContext;UIComponent),38,12,8,0,FALSE,FALSE,FALSE,TRUE
379,org.exoplatform.services.organization.ldap,UserHandler,findUsers(Query),108,23,5,0.166667,TRUE,TRUE,TRUE,TRUE
380,org.jfree.chart.plot,SpiderWebPlot,drawRadarPoly(Graphics2D;Rectangle2D;Point2D;PlotRenderingInfo;int;int;double;double),112,10,0,1,TRUE,TRUE,TRUE,FALSE
381,org.apache.lucene.search.highlight,QueryTermExtractor,getTerms(Query),4,1,0,0,FALSE,FALSE,FALSE,FALSE
382,org.apache.lucene.search.highlight,Highlighter,getBestTextFragments(TokenStream;String;boolean;int),183,23,6,0.454545,TRUE,TRUE,TRUE,FALSE
383,org.apache.lucene.index,DirectoryReader,DirectoryReader(Directory;SegmentInfos;SegmentReader[];int[];Map;boolean;boolean;int;Collection),125,20,2,0.75,TRUE,TRUE,TRUE,FALSE
384,org.apache.lucene.index,FreqProxTermsWriter,appendPostings(String;SegmentWriteState;FreqProxTermsWriterPerField[];FormatPostingsFieldsConsumer),175,26,16,0.058824,TRUE,TRUE,TRUE,TRUE
385,org.apache.catalina.valves,RemoteAddrValve,getInfo(),6,1,0,1,FALSE,FALSE,FALSE,FALSE
386,org.apache.catalina.valves,RemoteAddrValve,invoke(Request;Response),7,1,1,0,FALSE,FALSE,FALSE,FALSE
387,org.apache.catalina.valves,JDBCAccessLogValve,JDBCAccessLogValve(),21,1,0,1,FALSE,FALSE,FALSE,FALSE
388,org.apache.naming.factory.webservices,ServiceRefFactory,getObjectInstance(Object;Name;Context;Hashtable),248,40,14,0,TRUE,TRUE,TRUE,TRUE
389,megamek.client.bot.ui.AWT,BotGUI,BotGUI(BotClient),3,1,0,1,FALSE,FALSE,FALSE,FALSE
390,megamek.common.weapons,MissileWeaponHandler,calcHits(Vector),206,58,26,0.365854,TRUE,TRUE,TRUE,TRUE
391,megamek.common.weapons,WeaponHandler,handleEntityDamage(Entity;Vector;Building;int;int;int),103,16,20,0.487179,TRUE,TRUE,TRUE,FALSE
392,megamek.common,Mech,getBattleForceStandardWeaponsDamage(int;int;boolean;boolean),381,150,41,0.229167,TRUE,TRUE,TRUE,TRUE
393,megamek.common.actions,AbstractAttackAction,nightModifiers(IGame;Targetable;AmmoType;Entity;boolean),126,35,15,0.066667,TRUE,TRUE,TRUE,TRUE
394,net.sf.jasperreports.engine.xml,JRGenericPrintElementParameterFactory,createObject(Attributes),6,1,1,0.5,FALSE,FALSE,FALSE,FALSE
395,net.sf.jasperreports.engine.xml,JRGenericPrintElementParameterFactory.Parameter,Parameter(JRGenericPrintElement;String),5,1,0,1,FALSE,FALSE,FALSE,FALSE
396,net.sf.jasperreports.engine.xml,JRGenericPrintElementParameterFactory.Parameter,setValue(JRGenericPrintElementParameterFactory.ParameterValue),4,1,0,1,FALSE,FALSE,FALSE,FALSE
397,net.sf.jasperreports.engine.export.xmlss,JRXmlssExporter,exportReportToStream(Writer),128,15,4,0.818182,TRUE,TRUE,TRUE,FALSE
398,net.sf.jasperreports.engine.export.xmlss,JRXmlssExporter,exportPage(JRPrintPage;CutsInfo;int;JRPrintElementIndex;boolean),157,21,9,0.608696,TRUE,TRUE,TRUE,FALSE
399,weka.estimators,KDConditionalEstimator,KDConditionalEstimator(int;double),7,2,0,1,FALSE,FALSE,FALSE,FALSE
400,weka.estimators,KDConditionalEstimator,addValue(double;double;double),4,1,0,1,FALSE,FALSE,FALSE,FALSE
401,weka.estimators,UnivariateKernelEstimator,main(String[]),161,30,0,0,TRUE,TRUE,TRUE,FALSE
402,weka.estimators,CheckEstimator,runBasicTest(CheckEstimator.AttrTypes;int;int;int;int;int;boolean;boolean;int;int;int;FastVector),104,15,0,1,TRUE,TRUE,TRUE,FALSE
403,weka.classifiers.functions,SMO.BinarySMO,buildClassifier(Instances;int;int;boolean;int;int),193,30,4,0.84,TRUE,TRUE,TRUE,FALSE
404,org.argouml.uml.ui.foundation.extension_mechanisms,UMLStereotypeTagDefinitionListModel,UMLStereotypeTagDefinitionListModel(),5,1,0,0,FALSE,FALSE,FALSE,FALSE
405,org.argouml.uml.ui.foundation.extension_mechanisms,UMLStereotypeTagDefinitionListModel,buildModelList(),5,2,1,1,FALSE,FALSE,FALSE,FALSE
406,org.argouml.uml.ui.foundation.extension_mechanisms,UMLStereotypeTagDefinitionListModel,isValidElement(Object),5,1,1,1,FALSE,FALSE,FALSE,FALSE
407,org.argouml.model.euml,ModelEventPumpEUMLImpl,fireEvent(Object;Object;Object;int;String;EReference),147,15,0,0.333333,TRUE,TRUE,TRUE,FALSE
408,org.argouml.profile.internal.ocl.uml14,CollectionsModelInterpreter,invokeFeature(Map;Object;String;String;Object[]),388,78,0,0,TRUE,TRUE,TRUE,FALSE
409,org.jruby.java.invokers,FieldMethodZero,FieldMethodZero(String;RubyModule;Field),8,2,1,0.666667,FALSE,FALSE,FALSE,FALSE
410,org.jruby.java.invokers,FieldMethodZero,safeConvert(IRubyObject),11,4,0,1,FALSE,FALSE,TRUE,FALSE
411,org.apache.poi.hslf.exceptions,CorruptPowerPointFileException,CorruptPowerPointFileException(String),3,1,0,0,FALSE,FALSE,FALSE,FALSE
412,org.apache.poi.hslf.exceptions,HSLFException,HSLFException(),3,1,0,0,FALSE,FALSE,FALSE,FALSE
413,org.apache.poi.hssf.eventusermodel.examples,XLS2CSVmra,processRecord(Record),176,32,28,0.348837,TRUE,TRUE,TRUE,TRUE
414,org.apache.poi.hslf.examples,DataExtraction,main(String[]),108,19,7,0,TRUE,TRUE,TRUE,TRUE
415,net.wastl.webmail.storage.simple,SimpleStorage,SimpleStorage(WebMailServer),4,1,0,0,FALSE,FALSE,FALSE,FALSE
416,net.wastl.webmail.storage.simple,SimpleStorage,initConfig(),8,1,0,0,FALSE,FALSE,FALSE,FALSE
417,net.wastl.webmail.storage.simple,SimpleStorage,loadXMLSysData(),20,3,0,1,FALSE,FALSE,FALSE,FALSE
418,net.wastl.webmail.storage.simple,SimpleStorage,saveXMLSysData(),21,2,2,0.666667,FALSE,FALSE,FALSE,FALSE
419,(default package),SendMessage,handleURL(String;HTTPSession;HTTPRequestHeader),339,39,11,0.266667,TRUE,TRUE,TRUE,TRUE
420,net.wastl.webmail.logger,ServletLogger,ServletLogger(WebMailServer;Storage),13,2,1,0.666667,FALSE,FALSE,FALSE,FALSE
